seqName,clade,substitutions,deletions,insertions,missing,pcrPrimerChanges,totalPcrPrimerChanges,totalMutations,aaSubstitutionsOld,mutations
JW0001,20G,"C241T,C1059T,C2445T,C3037T,G3514T,C5622T,C10319T,C14408T,G14500T,A17060T,G17331T,A18424G,C21304T,A23403G,G25563T,C25587T,G25907T,C27964T,C28311T,C28472T,C28869T,A29752G",29762-29764,,,USCDC_N1_P:C28311T,1,22,"N:P13L,N:P67S,N:P199L,ORF14:Q46*,ORF1a:T265I,ORF1a:T727I,ORF1a:M1083I,ORF1a:P1786L,ORF1a:L3352F,ORF1b:P314L,ORF1b:V345L,ORF1b:Q1198L,ORF1b:E1288D,ORF1b:N1653D,ORF1b:R2613C,ORF3a:Q57H,ORF3a:G172V,ORF8:S24L,ORF9b:P10S,S:D614G","N:P13L,N:P67S,N:P199L,nsp2:T85I,nsp2:T547I,nsp3:M265I,nsp3:P968L,nsp5:L89F,nsp12:P323L,nsp12:V354L,nsp13:Q275L,nsp13:E365D,nsp14:N129D,nsp16:R216C,ORF3a:Q57H,ORF3a:G172V,ORF8:S24L,ORF9b:P10S,S:D614G"
JW0002,20A,"C241T,G2258A,C3037T,C5736T,C6317T,A6441G,C8140T,A9204G,C11785T,C14408T,A20268G,A23403G,C28854T,G29384T,C29445T,C29803A",,,,,0,16,"N:S194L,N:D371Y,N:T391I,ORF14:Q41*,ORF1a:V665I,ORF1a:A1824V,ORF1a:P2018S,ORF1a:K2059R,ORF1a:D2980G,ORF1b:P314L,S:D614G","N:S194L,N:D371Y,N:T391I,nsp2:V485I,nsp3:A1006V,nsp3:P1200S,nsp3:K1241R,nsp4:D217G,nsp12:P323L,S:D614G"
JW0003,20A,"C241T,A496G,G1738T,G2258A,C3037T,A6441G,C8140T,A9204G,C10456A,C11962T,C14408T,C14649T,A20268G,C21691T,A23403G,G25507T,C28854T,G29384T,C29445T",,,,,0,19,"N:S194L,N:D371Y,N:T391I,ORF14:Q41*,ORF1a:V665I,ORF1a:K2059R,ORF1a:D2980G,ORF1a:F3397L,ORF1b:P314L,ORF3a:A39S,S:D614G","N:S194L,N:D371Y,N:T391I,nsp2:V485I,nsp3:K1241R,nsp4:D217G,nsp5:F134L,nsp12:P323L,ORF3a:A39S,S:D614G"
JW0004,20G,"C241T,C1059T,C3037T,C6395T,G8083A,A9085G,T9139C,C10319T,C11956T,C14408T,C14805T,G17019T,A18424G,C20132T,C21304T,A23403G,T25548G,G25563T,G25907T,C27964T,C28472T,C28869T,G29402T",,,,,0,23,"N:P67S,N:P199L,N:D377Y,ORF14:Q46*,ORF1a:T265I,ORF1a:M2606I,ORF1a:L3352F,ORF1b:P314L,ORF1b:E1184D,ORF1b:N1653D,ORF1b:A2222V,ORF1b:R2613C,ORF3a:Q57H,ORF3a:G172V,ORF8:S24L,S:D614G","N:P67S,N:P199L,N:D377Y,nsp2:T85I,nsp3:M1788I,nsp5:L89F,nsp12:P323L,nsp13:E261D,nsp14:N129D,nsp15:A171V,nsp16:R216C,ORF3a:Q57H,ORF3a:G172V,ORF8:S24L,S:D614G"
JW0005,20G,"C241T,C1059T,C2445T,G2809T,C3037T,C3264T,C5622T,C5736T,C10319T,C14408T,G14500T,G15025A,A18424G,C21304T,A23403G,G25563T,C25587T,G25907T,A26234C,C27739T,C27964T,C28472T,C28869T",29729-29773,21639:C,,,0,23,"N:P67S,N:P199L,ORF14:Q46*,ORF1a:T265I,ORF1a:T727I,ORF1a:R848S,ORF1a:T1000I,ORF1a:P1786L,ORF1a:A1824V,ORF1a:L3352F,ORF1b:P314L,ORF1b:V345L,ORF1b:A520T,ORF1b:N1653D,ORF1b:R2613C,ORF3a:Q57H,ORF3a:G172V,ORF7a:L116F,ORF8:S24L,S:D614G","N:P67S,N:P199L,nsp2:T85I,nsp2:T547I,nsp3:R30S,nsp3:T182I,nsp3:P968L,nsp3:A1006V,nsp5:L89F,nsp12:P323L,nsp12:V354L,nsp12:A529T,nsp14:N129D,nsp16:R216C,ORF3a:Q57H,ORF3a:G172V,ORF7a:L116F,ORF8:S24L,S:D614G"
JW0006,20A,"C241T,C3037T,C12025T,C14408T,C16329T,C16870A,C18486T,A20268G,G20373T,C21108T,C21721T,C21846T,T22162C,A23403G,A25579G,G25644T,C28789T,C28854T",28254,28250:CTG,,,0,18,"N:S194L,ORF14:T19M,ORF14:Q41*,ORF1b:P314L,ORF3a:I63V,ORF8:I121X,S:T95I,S:D614G","N:S194L,nsp12:P323L,ORF3a:I63V,ORF8:I121fs,S:T95I,S:D614G"
JW0007,20G,"C241T,C1059T,T1438C,C2197T,C2695T,T2698C,C3037T,C5934T,C6336T,C10319T,C11572T,C14408T,A18424G,C19961T,C20132T,G21220A,C21304T,A23403G,G25273C,G25354T,G25563T,G25907T,C27964T,C28472T,C28869T",,21639:C,,,0,25,"N:P67S,N:P199L,ORF14:Q46*,ORF1a:T265I,ORF1a:T1890I,ORF1a:S2024L,ORF1a:L3352F,ORF1b:P314L,ORF1b:N1653D,ORF1b:T2165M,ORF1b:A2222V,ORF1b:A2585T,ORF1b:R2613C,ORF3a:Q57H,ORF3a:G172V,ORF8:S24L,S:D614G,S:M1237I","N:P67S,N:P199L,nsp2:T85I,nsp3:T1072I,nsp3:S1206L,nsp5:L89F,nsp12:P323L,nsp14:N129D,nsp15:T114M,nsp15:A171V,nsp16:A188T,nsp16:R216C,ORF3a:Q57H,ORF3a:G172V,ORF8:S24L,S:D614G,S:M1237I"
JW0008,20A,"C241T,C601T,C1716T,G1748A,C3037T,C4012T,C5736T,G7252T,C7423T,C8389T,C9120T,T11953C,G12832T,C14408T,G14874T,C19017T,C19524T,G21974T,A23403G,G25563T,G27915A,A28877T",28254,,,,0,22,"N:S202C,ORF1a:T484I,ORF1a:D495N,ORF1a:A1824V,ORF1a:L2329F,ORF1a:T2952I,ORF1a:Q4189H,ORF1b:P314L,ORF1b:K469N,ORF3a:Q57H,ORF8:G8R,ORF8:I121X,S:D138Y,S:D614G","N:S202C,nsp2:T304I,nsp2:D315N,nsp3:A1006V,nsp3:L1511F,nsp4:T189I,nsp9:Q49H,nsp12:P323L,nsp12:K478N,ORF3a:Q57H,ORF8:G8R,ORF8:I121fs,S:D138Y,S:D614G"
JW0009,20G,"C241T,C527T,C1059T,C3037T,C5736T,G8083A,A9085G,C10319T,C10626T,C14408T,C14805T,A18424G,C21304T,A23403G,G23593T,G25563T,G25907T,A26148G,C26858T,C27964T,C28472T,C28869T,G29402T",,,,,0,23,"N:P67S,N:P199L,N:D377Y,ORF14:Q46*,ORF1a:T265I,ORF1a:A1824V,ORF1a:M2606I,ORF1a:L3352F,ORF1a:A3454V,ORF1b:P314L,ORF1b:N1653D,ORF1b:R2613C,ORF3a:Q57H,ORF3a:G172V,ORF8:S24L,S:D614G,S:Q677H","N:P67S,N:P199L,N:D377Y,nsp2:T85I,nsp3:A1006V,nsp3:M1788I,nsp5:L89F,nsp5:A191V,nsp12:P323L,nsp14:N129D,nsp16:R216C,ORF3a:Q57H,ORF3a:G172V,ORF8:S24L,S:D614G,S:Q677H"
JW0010,20G,"C241T,C527T,C1059T,C3037T,G8083A,A9085G,C10319T,C10626T,C14408T,C14805T,A18424G,C21304T,A23403G,G23593T,G25563T,G25907T,A26148G,C27964T,C28472T,C28869T,G29402T",,,,,0,21,"N:P67S,N:P199L,N:D377Y,ORF14:Q46*,ORF1a:T265I,ORF1a:M2606I,ORF1a:L3352F,ORF1a:A3454V,ORF1b:P314L,ORF1b:N1653D,ORF1b:R2613C,ORF3a:Q57H,ORF3a:G172V,ORF8:S24L,S:D614G,S:Q677H","N:P67S,N:P199L,N:D377Y,nsp2:T85I,nsp3:M1788I,nsp5:L89F,nsp5:A191V,nsp12:P323L,nsp14:N129D,nsp16:R216C,ORF3a:Q57H,ORF3a:G172V,ORF8:S24L,S:D614G,S:Q677H"
JW0011,20G,"C241T,C683T,C1059T,C3037T,C5497T,C5736T,G9928T,T10150C,C10319T,G10901C,C14408T,C17352T,A18424G,C20762T,C21304T,A23403G,G25563T,G25907T,T27687C,C27964T,C28472T,C28869T,G29321T,G29422T",21-23,,,,0,24,"N:P67S,N:P199L,N:V350F,ORF14:Q46*,ORF1a:T265I,ORF1a:A1824V,ORF1a:M3221I,ORF1a:L3352F,ORF1a:G3546R,ORF1b:P314L,ORF1b:N1653D,ORF1b:T2432I,ORF1b:R2613C,ORF3a:Q57H,ORF3a:G172V,ORF8:S24L,S:D614G","N:P67S,N:P199L,N:V350F,nsp2:T85I,nsp3:A1006V,nsp4:M458I,nsp5:L89F,nsp5:G283R,nsp12:P323L,nsp14:N129D,nsp16:T35I,nsp16:R216C,ORF3a:Q57H,ORF3a:G172V,ORF8:S24L,S:D614G"
JW0012,20C,"C193T,C241T,C1059T,C3037T,G5029A,C7420T,C10450T,C11704T,G13958A,C14408T,T16062C,C16260T,T20394C,C20555T,C23188T,A23403G,G25563T,C28821A,C29167T,A29517G",,25766:AAT,,"Charite_N_R:C28821A,USCDC_N2_F:C29167T",2,20,"N:S183Y,N:D415G,ORF14:L30I,ORF1a:T265I,ORF1a:M1588I,ORF1b:R164H,ORF1b:P314L,ORF1b:S2363F,ORF3a:Q57H,S:D614G","N:S183Y,N:D415G,nsp2:T85I,nsp3:M770I,nsp12:R173H,nsp12:P323L,nsp15:S312F,ORF3a:Q57H,S:D614G"
JW0013,20A,"C241T,C601T,C1716T,G1748A,C3037T,C4012T,C8389T,C9120T,T11953C,G12832T,C14408T,G14874T,C19524T,G21974T,A23403G,G25563T,G27915A,C28344T,A28877T",28254,,,USCDC_N1_R:C28344T,1,19,"N:T24I,N:S202C,ORF1a:T484I,ORF1a:D495N,ORF1a:T2952I,ORF1a:Q4189H,ORF1b:P314L,ORF1b:K469N,ORF3a:Q57H,ORF8:G8R,ORF8:I121X,S:D138Y,S:D614G","N:T24I,N:S202C,nsp2:T304I,nsp2:D315N,nsp4:T189I,nsp9:Q49H,nsp12:P323L,nsp12:K478N,ORF3a:Q57H,ORF8:G8R,ORF8:I121fs,S:D138Y,S:D614G"
JW0014,20B,"C241T,C2695T,C3037T,G3250T,T5527C,C7423T,T10107C,C11967T,C14408T,A19116G,A23403G,C23683T,T25852A,A27868T,G28881A,G28882A,G28883C,A29700G",,,,ChinaCDC_N_F:G28881A;G28882A;G28883C,3,18,"N:R203K,N:G204R,ORF14:G50N,ORF1a:E995D,ORF1a:V3281A,ORF1a:A3901V,ORF1b:P314L,ORF3a:Y154N,ORF7b:N38I,S:D614G","N:R203K,N:G204R,nsp3:E177D,nsp5:V18A,nsp7:A42V,nsp12:P323L,ORF3a:Y154N,ORF7b:N38I,S:D614G"
JW0015,20G,"C241T,C1059T,C3037T,C10319T,A11451G,G12163A,C14408T,A18424G,C21304T,C21811A,A23403G,A23592C,G25563T,G25907T,C27964T,C28472T,C28869T,G28903T,T29194C,T29377A",,8114:G,,USCDC_N2_P:T29194C,1,20,"N:P67S,N:P199L,N:M210I,ORF14:Q46*,ORF14:W57L,ORF1a:T265I,ORF1a:L3352F,ORF1a:Q3729R,ORF1b:P314L,ORF1b:N1653D,ORF1b:R2613C,ORF3a:Q57H,ORF3a:G172V,ORF8:S24L,S:D614G,S:Q677P","N:P67S,N:P199L,N:M210I,nsp2:T85I,nsp5:L89F,nsp6:Q160R,nsp12:P323L,nsp14:N129D,nsp16:R216C,ORF3a:Q57H,ORF3a:G172V,ORF8:S24L,S:D614G,S:Q677P"
